{"cameraMode":{"drawMode":0,"name":"Shaded","section":"Shading Mode"},"sceneLighting":false,"audioPlay":false,"sceneViewState":{"showFog":false,"showMaterialUpdate":false,"showSkybox":false,"showFlares":false,"showImageEffects":false,"showParticleSystems":false},"in2DMode":false,"pivot":{"x":-1.58123779296875,"y":1.6591644287109376,"z":0.203125},"rotation":{"x":-0.0045000179670751099,"y":0.002999846125021577,"z":0.000014092854144109879,"w":0.99998539686203},"size":9.468772888183594,"orthographic":true}